DateTime,Name,Site,DateTime,Tz,{parameter},qual_code
1970-01-01 00:00:00.000000000,1.49,P,1970-01-01 00:00:00.000000000,P,752.0,P
1970-01-01 00:00:00.000000000,1.46,P,1970-01-01 00:00:00.000000000,P,768.0,P
1970-01-01 00:00:00.000000000,1.56,P,1970-01-01 00:00:00.000000000,P,843.0,P
1970-01-01 00:00:00.000000000,1.41,P,1970-01-01 00:00:00.000000000,P,913.0,P
1970-01-01 00:00:00.000000000,1.31,P,1970-01-01 00:00:00.000000000,P,958.0,P
1970-01-01 00:00:00.000000000,1.37,P,1970-01-01 00:00:00.000000000,P,1110.0,P
1970-01-01 00:00:00.000000000,1.49,P,1970-01-01 00:00:00.000000000,P,1310.0,P
1970-01-01 00:00:00.000000000,1.7,P,1970-01-01 00:00:00.000000000,P,1310.0,P
1970-01-01 00:00:00.000000000,1.73,P,1970-01-01 00:00:00.000000000,P,1350.0,P
1970-01-01 00:00:00.000000000,1.63,P,1970-01-01 00:00:00.000000000,P,1270.0,P
1970-01-01 00:00:00.000000000,1.67,P,1970-01-01 00:00:00.000000000,P,1180.0,P
1970-01-01 00:00:00.000000000,1.51,P,1970-01-01 00:00:00.000000000,P,1050.0,P
1970-01-01 00:00:00.000000000,1.85,P,1970-01-01 00:00:00.000000000,P,919.0,P
1970-01-01 00:00:00.000000000,1.81,P,1970-01-01 00:00:00.000000000,P,715.0,P
1970-01-01 00:00:00.000000000,1.59,P,1970-01-01 00:00:00.000000000,P,621.0,P
1970-01-01 00:00:00.000000000,1.38,P,1970-01-01 00:00:00.000000000,P,712.0,P
1970-01-01 00:00:00.000000000,1.34,P,1970-01-01 00:00:00.000000000,P,772.0,P
1970-01-01 00:00:00.000000000,1.21,P,1970-01-01 00:00:00.000000000,P,739.0,P
1970-01-01 00:00:00.000000000,1.27,P,1970-01-01 00:00:00.000000000,P,709.0,P
1970-01-01 00:00:00.000000000,1.41,P,1970-01-01 00:00:00.000000000,P,744.0,P
1970-01-01 00:00:00.000000000,1.25,P,1970-01-01 00:00:00.000000000,P,615.0,P
1970-01-01 00:00:00.000000000,1.12,P,1970-01-01 00:00:00.000000000,P,534.0,P
1970-01-01 00:00:00.000000000,1.72,P,1970-01-01 00:00:00.000000000,P,491.0,P
1970-01-01 00:00:00.000000000,2.13,P,1970-01-01 00:00:00.000000000,P,579.0,P
1970-01-01 00:00:00.000000000,2.27,P,1970-01-01 00:00:00.000000000,P,629.0,P
1970-01-01 00:00:00.000000000,1.72,P,1970-01-01 00:00:00.000000000,P,776.0,P
1970-01-01 00:00:00.000000000,1.91,P,1970-01-01 00:00:00.000000000,P,733.0,P
1970-01-01 00:00:00.000000001,1.93,P,1970-01-01 00:00:00.000000001,P,768.0,P
1970-01-01 00:00:00.000000000,1.99,P,1970-01-01 00:00:00.000000000,P,858.0,P
1970-01-01 00:00:00.000000000,1.65,P,1970-01-01 00:00:00.000000000,P,948.0,P
1970-01-01 00:00:00.000000000,1.71,P,1970-01-01 00:00:00.000000000,P,1170.0,P:e
1970-01-01 00:00:00.000000000,1.71,P,1970-01-01 00:00:00.000000000,P,1280.0,P:e
1970-01-01 00:00:00.000000000,1.65,P,1970-01-01 00:00:00.000000000,P,1240.0,P:e
1970-01-01 00:00:00.000000001,1.65,P,1970-01-01 00:00:00.000000001,P,1230.0,P:e
1970-01-01 00:00:00.000000000,1.6,P,1970-01-01 00:00:00.000000000,P,1140.0,P
1970-01-01 00:00:00.000000000,1.73,P,1970-01-01 00:00:00.000000000,P,1050.0,P
1970-01-01 00:00:00.000000000,1.73,P,1970-01-01 00:00:00.000000000,P,962.0,P
1970-01-01 00:00:00.000000000,1.84,P,1970-01-01 00:00:00.000000000,P,982.0,P
1970-01-01 00:00:00.000000000,1.94,P,1970-01-01 00:00:00.000000000,P,722.0,P
1970-01-01 00:00:00.000000000,1.72,P,1970-01-01 00:00:00.000000000,P,483.0,P
1970-01-01 00:00:00.000000000,1.64,P,1970-01-01 00:00:00.000000000,P,451.0,P
1970-01-01 00:00:00.000000000,1.47,P,1970-01-01 00:00:00.000000000,P,456.0,P
1970-01-01 00:00:00.000000000,1.5,P,1970-01-01 00:00:00.000000000,P,406.0,P
1970-01-01 00:00:00.000000000,1.46,P,1970-01-01 00:00:00.000000000,P,410.0,P
1970-01-01 00:00:00.000000000,1.37,P,1970-01-01 00:00:00.000000000,P,585.0,P
1970-01-01 00:00:00.000000000,1.92,P,1970-01-01 00:00:00.000000000,P,1260.0,P
1970-01-01 00:00:00.000000001,2.5,P,1970-01-01 00:00:00.000000001,P,,
1970-01-01 00:00:00.000000002,6.37,P,1970-01-01 00:00:00.000000002,P,,
1970-01-01 00:00:00.000000005,10.59,P,1970-01-01 00:00:00.000000005,P,,
1970-01-01 00:00:00.000000010,15.15,P,1970-01-01 00:00:00.000000010,P,,
1970-01-01 00:00:00.000000015,16.79,P,1970-01-01 00:00:00.000000015,P,,
1970-01-01 00:00:00.000000016,18.2,P,1970-01-01 00:00:00.000000016,P,,
1970-01-01 00:00:00.000000018,18.54,P,1970-01-01 00:00:00.000000018,P,,
1970-01-01 00:00:00.000000018,19.3,P,1970-01-01 00:00:00.000000018,P,,
1970-01-01 00:00:00.000000019,19.65,P,1970-01-01 00:00:00.000000019,P,,
1970-01-01 00:00:00.000000009,19.01,P,1970-01-01 00:00:00.000000009,P,,
1970-01-01 00:00:00.000000004,9.17,P,1970-01-01 00:00:00.000000004,P,,
1970-01-01 00:00:00.000000002,4.49,P,1970-01-01 00:00:00.000000002,P,,
1970-01-01 00:00:00.000000002,2.88,P,1970-01-01 00:00:00.000000002,P,,
1970-01-01 00:00:00.000000002,2.33,P,1970-01-01 00:00:00.000000002,P,,
1970-01-01 00:00:00.000000001,2.42,P,1970-01-01 00:00:00.000000001,P,,
1970-01-01 00:00:00.000000002,2.49,P,1970-01-01 00:00:00.000000002,P,,
1970-01-01 00:00:00.000000001,2.48,P,1970-01-01 00:00:00.000000001,P,,
1970-01-01 00:00:00.000000001,2.46,P,1970-01-01 00:00:00.000000001,P,,
,,,,,,
1970-01-01 00:00:00.000000001,2.4,P,1970-01-01 00:00:00.000000001,P,,
1970-01-01 00:00:00.000000000,1.95,P,1970-01-01 00:00:00.000000000,P,2070.0,P
1970-01-01 00:00:00.000000001,2.23,P,1970-01-01 00:00:00.000000001,P,1730.0,P
1970-01-01 00:00:00.000000001,2.34,P,1970-01-01 00:00:00.000000001,P,1800.0,P
1970-01-01 00:00:00.000000000,1.85,P,1970-01-01 00:00:00.000000000,P,1820.0,P
1970-01-01 00:00:00.000000001,1.93,P,1970-01-01 00:00:00.000000001,P,1870.0,P
1970-01-01 00:00:00.000000001,1.97,P,1970-01-01 00:00:00.000000001,P,1710.0,P
1970-01-01 00:00:00.000000001,2.06,P,1970-01-01 00:00:00.000000001,P,1650.0,P
1970-01-01 00:00:00.000000001,1.96,P,1970-01-01 00:00:00.000000001,P,1700.0,P
1970-01-01 00:00:00.000000001,1.77,P,1970-01-01 00:00:00.000000001,P,2090.0,P
1970-01-01 00:00:00.000000001,1.93,P,1970-01-01 00:00:00.000000001,P,1900.0,P
1970-01-01 00:00:00.000000001,2.05,P,1970-01-01 00:00:00.000000001,P,1700.0,P
1970-01-01 00:00:00.000000001,2.3,P,1970-01-01 00:00:00.000000001,P,1630.0,P
1970-01-01 00:00:00.000000001,2.39,P,1970-01-01 00:00:00.000000001,P,1570.0,P
1970-01-01 00:00:00.000000001,2.23,P,1970-01-01 00:00:00.000000001,P,1490.0,P
1970-01-01 00:00:00.000000001,2.16,P,1970-01-01 00:00:00.000000001,P,1450.0,P
1970-01-01 00:00:00.000000001,1.93,P,1970-01-01 00:00:00.000000001,P,1630.0,P
1970-01-01 00:00:00.000000001,1.91,P,1970-01-01 00:00:00.000000001,P,1710.0,P
1970-01-01 00:00:00.000000001,1.88,P,1970-01-01 00:00:00.000000001,P,1560.0,P
1970-01-01 00:00:00.000000001,2.39,P,1970-01-01 00:00:00.000000001,P,1550.0,P
1970-01-01 00:00:00.000000001,2.79,P,1970-01-01 00:00:00.000000001,P,1670.0,P
1970-01-01 00:00:00.000000001,2.87,P,1970-01-01 00:00:00.000000001,P,1960.0,P
1970-01-01 00:00:00.000000002,3.24,P,1970-01-01 00:00:00.000000002,P,1820.0,P
1970-01-01 00:00:00.000000002,2.83,P,1970-01-01 00:00:00.000000002,P,1380.0,P
1970-01-01 00:00:00.000000002,3.29,P,1970-01-01 00:00:00.000000002,P,1370.0,P
1970-01-01 00:00:00.000000002,3.22,P,1970-01-01 00:00:00.000000002,P,1720.0,P
1970-01-01 00:00:00.000000001,3.38,P,1970-01-01 00:00:00.000000001,P,1710.0,P
1970-01-01 00:00:00.000000001,2.78,P,1970-01-01 00:00:00.000000001,P,1390.0,P
1970-01-01 00:00:00.000000001,2.15,P,1970-01-01 00:00:00.000000001,P,1240.0,P
1970-01-01 00:00:00.000000001,2.34,P,1970-01-01 00:00:00.000000001,P,1290.0,P
1970-01-01 00:00:00.000000001,2.48,P,1970-01-01 00:00:00.000000001,P,1310.0,P
1970-01-01 00:00:00.000000001,2.56,P,1970-01-01 00:00:00.000000001,P,1300.0,P
1970-01-01 00:00:00.000000001,2.51,P,1970-01-01 00:00:00.000000001,P,1300.0,P
1970-01-01 00:00:00.000000001,1.95,P,1970-01-01 00:00:00.000000001,P,1430.0,P
1970-01-01 00:00:00.000000001,2.51,P,1970-01-01 00:00:00.000000001,P,1490.0,P
1970-01-01 00:00:00.000000001,2.2,P,1970-01-01 00:00:00.000000001,P,1520.0,P
1970-01-01 00:00:00.000000001,2.21,P,1970-01-01 00:00:00.000000001,P,1480.0,P
1970-01-01 00:00:00.000000001,2.72,P,1970-01-01 00:00:00.000000001,P,1590.0,P
1970-01-01 00:00:00.000000001,2.75,P,1970-01-01 00:00:00.000000001,P,1680.0,P
1970-01-01 00:00:00.000000001,2.71,P,1970-01-01 00:00:00.000000001,P,1520.0,P
1970-01-01 00:00:00.000000001,2.38,P,1970-01-01 00:00:00.000000001,P,1410.0,P
1970-01-01 00:00:00.000000000,2.14,P,1970-01-01 00:00:00.000000000,P,1400.0,P
1970-01-01 00:00:00.000000000,1.58,P,1970-01-01 00:00:00.000000000,P,1300.0,P
1970-01-01 00:00:00.000000000,1.9,P,1970-01-01 00:00:00.000000000,P,1230.0,P
1970-01-01 00:00:00.000000000,2.18,P,1970-01-01 00:00:00.000000000,P,1270.0,P
1970-01-01 00:00:00.000000000,0.73,P,1970-01-01 00:00:00.000000000,P,1180.0,P
1970-01-01 00:00:00.000000000,1.01,P,1970-01-01 00:00:00.000000000,P,1130.0,P
1970-01-01 00:00:00.000000000,1.3,P,1970-01-01 00:00:00.000000000,P,918.0,P
1970-01-01 00:00:00.000000000,1.36,P,1970-01-01 00:00:00.000000000,P,866.0,P
1970-01-01 00:00:00.000000000,1.61,P,1970-01-01 00:00:00.000000000,P,1100.0,P
1970-01-01 00:00:00.000000000,1.51,P,1970-01-01 00:00:00.000000000,P,1220.0,P
1970-01-01 00:00:00.000000000,1.7,P,1970-01-01 00:00:00.000000000,P,1040.0,P
1970-01-01 00:00:00.000000000,1.89,P,1970-01-01 00:00:00.000000000,P,989.0,P
1970-01-01 00:00:00.000000000,2.0,P,1970-01-01 00:00:00.000000000,P,1060.0,P
1970-01-01 00:00:00.000000000,2.24,P,1970-01-01 00:00:00.000000000,P,1470.0,P
1970-01-01 00:00:00.000000000,1.82,P,1970-01-01 00:00:00.000000000,P,1120.0,P
1970-01-01 00:00:00.000000000,1.52,P,1970-01-01 00:00:00.000000000,P,662.0,P
1970-01-01 00:00:00.000000000,1.22,P,1970-01-01 00:00:00.000000000,P,875.0,P
1970-01-01 00:00:00.000000000,1.38,P,1970-01-01 00:00:00.000000000,P,1050.0,P
1970-01-01 00:00:00.000000000,1.74,P,1970-01-01 00:00:00.000000000,P,,
1970-01-01 00:00:00.000000000,2.1,P,1970-01-01 00:00:00.000000000,P,,
1970-01-01 00:00:00.000000001,1.9,P,1970-01-01 00:00:00.000000001,P,,
1970-01-01 00:00:00.000000001,2.05,P,1970-01-01 00:00:00.000000001,P,,
1970-01-01 00:00:00.000000001,1.98,P,1970-01-01 00:00:00.000000001,P,,
1970-01-01 00:00:00.000000000,1.89,P,1970-01-01 00:00:00.000000000,P,,
,,,,,,
1970-01-01 00:00:00.000000000,2.19,P,1970-01-01 00:00:00.000000000,P,,
1970-01-01 00:00:00.000000000,1.45,P,1970-01-01 00:00:00.000000000,P,1270.0,P
1970-01-01 00:00:00.000000000,1.97,P,1970-01-01 00:00:00.000000000,P,1080.0,P
1970-01-01 00:00:00.000000000,2.12,P,1970-01-01 00:00:00.000000000,P,1290.0,P
1970-01-01 00:00:00.000000000,1.82,P,1970-01-01 00:00:00.000000000,P,1460.0,P
1970-01-01 00:00:00.000000000,1.66,P,1970-01-01 00:00:00.000000000,P,1540.0,P
1970-01-01 00:00:00.000000000,1.91,P,1970-01-01 00:00:00.000000000,P,1510.0,P
1970-01-01 00:00:00.000000000,1.93,P,1970-01-01 00:00:00.000000000,P,1680.0,P
1970-01-01 00:00:00.000000000,1.42,P,1970-01-01 00:00:00.000000000,P,1630.0,P
1970-01-01 00:00:00.000000000,1.44,P,1970-01-01 00:00:00.000000000,P,1480.0,P
1970-01-01 00:00:00.000000001,1.56,P,1970-01-01 00:00:00.000000001,P,1550.0,P
1970-01-01 00:00:00.000000001,1.74,P,1970-01-01 00:00:00.000000001,P,1480.0,P
1970-01-01 00:00:00.000000000,1.6,P,1970-01-01 00:00:00.000000000,P,1320.0,P
1970-01-01 00:00:00.000000000,1.54,P,1970-01-01 00:00:00.000000000,P,1360.0,P
1970-01-01 00:00:00.000000000,1.54,P,1970-01-01 00:00:00.000000000,P,1470.0,P
1970-01-01 00:00:00.000000000,1.8,P,1970-01-01 00:00:00.000000000,P,1480.0,P
1970-01-01 00:00:00.000000000,2.05,P,1970-01-01 00:00:00.000000000,P,1550.0,P
1970-01-01 00:00:00.000000000,2.13,P,1970-01-01 00:00:00.000000000,P,1990.0,P
1970-01-01 00:00:00.000000000,1.26,P,1970-01-01 00:00:00.000000000,P,1600.0,P
1970-01-01 00:00:00.000000000,1.44,P,1970-01-01 00:00:00.000000000,P,1390.0,P
1970-01-01 00:00:00.000000000,1.64,P,1970-01-01 00:00:00.000000000,P,1470.0,P
1970-01-01 00:00:00.000000000,1.7,P,1970-01-01 00:00:00.000000000,P,1650.0,P
1970-01-01 00:00:00.000000000,1.04,P,1970-01-01 00:00:00.000000000,P,1680.0,P
1970-01-01 00:00:00.000000000,0.73,P,1970-01-01 00:00:00.000000000,P,1630.0,P
1970-01-01 00:00:00.000000000,0.48,P,1970-01-01 00:00:00.000000000,P,1570.0,P
1970-01-01 00:00:00.000000000,0.73,P,1970-01-01 00:00:00.000000000,P,1400.0,P
1970-01-01 00:00:00.000000000,0.88,P,1970-01-01 00:00:00.000000000,P,1430.0,P
1970-01-01 00:00:00.000000000,1.22,P,1970-01-01 00:00:00.000000000,P,1400.0,P
1970-01-01 00:00:00.000000000,2.36,P,1970-01-01 00:00:00.000000000,P,1310.0,P
1970-01-01 00:00:00.000000000,2.36,P,1970-01-01 00:00:00.000000000,P,1310.0,P
1970-01-01 00:00:00.000000000,1.46,P,1970-01-01 00:00:00.000000000,P,1530.0,P
1970-01-01 00:00:00.000000000,1.51,P,1970-01-01 00:00:00.000000000,P,1590.0,P
1970-01-01 00:00:00.000000000,1.68,P,1970-01-01 00:00:00.000000000,P,1580.0,P
1970-01-01 00:00:00.000000000,1.16,P,1970-01-01 00:00:00.000000000,P,1750.0,P
1970-01-01 00:00:00.000000000,1.43,P,1970-01-01 00:00:00.000000000,P,2090.0,P
1970-01-01 00:00:00.000000000,1.29,P,1970-01-01 00:00:00.000000000,P,2520.0,P
1970-01-01 00:00:00.000000000,0.86,P,1970-01-01 00:00:00.000000000,P,2550.0,P
1970-01-01 00:00:00.000000000,1.06,P,1970-01-01 00:00:00.000000000,P,1940.0,P
1970-01-01 00:00:00.000000000,1.42,P,1970-01-01 00:00:00.000000000,P,1570.0,P
1970-01-01 00:00:00.000000000,1.26,P,1970-01-01 00:00:00.000000000,P,1540.0,P
1970-01-01 00:00:00.000000000,0.94,P,1970-01-01 00:00:00.000000000,P,1700.0,P
1970-01-01 00:00:00.000000000,1.37,P,1970-01-01 00:00:00.000000000,P,1740.0,P
1970-01-01 00:00:00.000000000,1.41,P,1970-01-01 00:00:00.000000000,P,1800.0,P
1970-01-01 00:00:00.000000000,1.26,P,1970-01-01 00:00:00.000000000,P,1900.0,P
1970-01-01 00:00:00.000000000,0.92,P,1970-01-01 00:00:00.000000000,P,1840.0,P
1970-01-01 00:00:00.000000000,0.96,P,1970-01-01 00:00:00.000000000,P,1700.0,P
1970-01-01 00:00:00.000000000,0.95,P,1970-01-01 00:00:00.000000000,P,1600.0,P
1970-01-01 00:00:00.000000000,0.81,P,1970-01-01 00:00:00.000000000,P,1710.0,P
1970-01-01 00:00:00.000000000,0.67,P,1970-01-01 00:00:00.000000000,P,1810.0,P
1970-01-01 00:00:00.000000000,0.72,P,1970-01-01 00:00:00.000000000,P,1770.0,P
1970-01-01 00:00:00.000000000,1.34,P,1970-01-01 00:00:00.000000000,P,1640.0,P
1970-01-01 00:00:00.000000000,1.67,P,1970-01-01 00:00:00.000000000,P,1530.0,P
1970-01-01 00:00:00.000000000,0.73,P,1970-01-01 00:00:00.000000000,P,1350.0,P
1970-01-01 00:00:00.000000000,1.54,P,1970-01-01 00:00:00.000000000,P,1250.0,P
1970-01-01 00:00:00.000000000,1.8,P,1970-01-01 00:00:00.000000000,P,1180.0,P
1970-01-01 00:00:00.000000000,1.47,P,1970-01-01 00:00:00.000000000,P,1400.0,P
1970-01-01 00:00:00.000000000,0.36,P,1970-01-01 00:00:00.000000000,P,1320.0,P
1970-01-01 00:00:00.000000000,0.7,P,1970-01-01 00:00:00.000000000,P,1460.0,P
1970-01-01 00:00:00.000000000,0.86,P,1970-01-01 00:00:00.000000000,P,1610.0,P
1970-01-01 00:00:00.000000000,0.88,P,1970-01-01 00:00:00.000000000,P,1820.0,P
1970-01-01 00:00:00.000000000,0.43,P,1970-01-01 00:00:00.000000000,P,1530.0,P
1970-01-01 00:00:00.000000000,0.58,P,1970-01-01 00:00:00.000000000,P,1410.0,P
1970-01-01 00:00:00.000000000,1.17,P,1970-01-01 00:00:00.000000000,P,1600.0,P
1970-01-01 00:00:00.000000000,1.18,P,1970-01-01 00:00:00.000000000,P,1860.0,P
1970-01-01 00:00:00.000000000,1.19,P,1970-01-01 00:00:00.000000000,P,1890.0,P
1970-01-01 00:00:00.000000000,1.15,P,1970-01-01 00:00:00.000000000,P,1520.0,P
1970-01-01 00:00:00.000000000,0.82,P,1970-01-01 00:00:00.000000000,P,905.0,P
1970-01-01 00:00:00.000000000,0.92,P,1970-01-01 00:00:00.000000000,P,579.0,P
1970-01-01 00:00:00.000000000,1.02,P,1970-01-01 00:00:00.000000000,P,723.0,P
1970-01-01 00:00:00.000000000,1.37,P,1970-01-01 00:00:00.000000000,P,1130.0,P
1970-01-01 00:00:00.000000000,1.45,P,1970-01-01 00:00:00.000000000,P,1580.0,P
1970-01-01 00:00:00.000000000,1.4,P,1970-01-01 00:00:00.000000000,P,1580.0,P
1970-01-01 00:00:00.000000000,1.07,P,1970-01-01 00:00:00.000000000,P,1360.0,P
1970-01-01 00:00:00.000000000,1.21,P,1970-01-01 00:00:00.000000000,P,1380.0,P
1970-01-01 00:00:00.000000000,1.37,P,1970-01-01 00:00:00.000000000,P,1560.0,P
1970-01-01 00:00:00.000000000,1.45,P,1970-01-01 00:00:00.000000000,P,1450.0,P
1970-01-01 00:00:00.000000000,0.92,P,1970-01-01 00:00:00.000000000,P,1120.0,P
1970-01-01 00:00:00.000000000,1.76,P,1970-01-01 00:00:00.000000000,P,1090.0,P
1970-01-01 00:00:00.000000000,1.84,P,1970-01-01 00:00:00.000000000,P,1430.0,P
1970-01-01 00:00:00.000000000,1.2,P,1970-01-01 00:00:00.000000000,P,1450.0,P
1970-01-01 00:00:00.000000000,1.45,P,1970-01-01 00:00:00.000000000,P,1580.0,P
1970-01-01 00:00:00.000000000,1.41,P,1970-01-01 00:00:00.000000000,P,1620.0,P
1970-01-01 00:00:00.000000000,1.1,P,1970-01-01 00:00:00.000000000,P,920.0,P
1970-01-01 00:00:00.000000000,1.59,P,1970-01-01 00:00:00.000000000,P,1580.0,P
1970-01-01 00:00:00.000000001,2.01,P,1970-01-01 00:00:00.000000001,P,3600.0,P
1970-01-01 00:00:00.000000000,1.82,P,1970-01-01 00:00:00.000000000,P,3160.0,P
1970-01-01 00:00:00.000000000,0.79,P,1970-01-01 00:00:00.000000000,P,1780.0,P
1970-01-01 00:00:00.000000000,1.35,P,1970-01-01 00:00:00.000000000,P,1330.0,P
1970-01-01 00:00:00.000000000,1.49,P,1970-01-01 00:00:00.000000000,P,1340.0,P
1970-01-01 00:00:00.000000000,1.19,P,1970-01-01 00:00:00.000000000,P,1520.0,P
1970-01-01 00:00:00.000000000,1.38,P,1970-01-01 00:00:00.000000000,P,1580.0,P
1970-01-01 00:00:00.000000000,0.88,P,1970-01-01 00:00:00.000000000,P,1500.0,P
1970-01-01 00:00:00.000000000,0.9,P,1970-01-01 00:00:00.000000000,P,,
,,,,,,
,,,,,,
1970-01-01 00:00:00.000000000,1.62,P,1970-01-01 00:00:00.000000000,P,1320.0,P
1970-01-01 00:00:00.000000000,1.4,P,1970-01-01 00:00:00.000000000,P,1220.0,P
1970-01-01 00:00:00.000000000,1.55,P,1970-01-01 00:00:00.000000000,P,1490.0,P
1970-01-01 00:00:00.000000000,1.78,P,1970-01-01 00:00:00.000000000,P,1720.0,P
1970-01-01 00:00:00.000000000,1.84,P,1970-01-01 00:00:00.000000000,P,1590.0,P
1970-01-01 00:00:00.000000000,1.08,P,1970-01-01 00:00:00.000000000,P,1540.0,P
1970-01-01 00:00:00.000000000,1.96,P,1970-01-01 00:00:00.000000000,P,2420.0,P
1970-01-01 00:00:00.000000001,2.03,P,1970-01-01 00:00:00.000000001,P,2850.0,P
1970-01-01 00:00:00.000000000,2.43,P,1970-01-01 00:00:00.000000000,P,2200.0,P
1970-01-01 00:00:00.000000000,1.31,P,1970-01-01 00:00:00.000000000,P,1490.0,P
1970-01-01 00:00:00.000000000,1.63,P,1970-01-01 00:00:00.000000000,P,1230.0,P
1970-01-01 00:00:00.000000001,1.88,P,1970-01-01 00:00:00.000000001,P,1410.0,P
1970-01-01 00:00:00.000000001,1.82,P,1970-01-01 00:00:00.000000001,P,1640.0,P
1970-01-01 00:00:00.000000000,1.58,P,1970-01-01 00:00:00.000000000,P,1640.0,P
1970-01-01 00:00:00.000000000,1.02,P,1970-01-01 00:00:00.000000000,P,1570.0,P
1970-01-01 00:00:00.000000000,1.33,P,1970-01-01 00:00:00.000000000,P,1490.0,P
1970-01-01 00:00:00.000000000,1.72,P,1970-01-01 00:00:00.000000000,P,1580.0,P
1970-01-01 00:00:00.000000000,1.74,P,1970-01-01 00:00:00.000000000,P,1530.0,P
1970-01-01 00:00:00.000000000,1.6,P,1970-01-01 00:00:00.000000000,P,1580.0,P
1970-01-01 00:00:00.000000000,1.27,P,1970-01-01 00:00:00.000000000,P,1520.0,P
1970-01-01 00:00:00.000000000,1.49,P,1970-01-01 00:00:00.000000000,P,1280.0,P
1970-01-01 00:00:00.000000000,1.5,P,1970-01-01 00:00:00.000000000,P,1400.0,P
1970-01-01 00:00:00.000000000,1.38,P,1970-01-01 00:00:00.000000000,P,1430.0,P
1970-01-01 00:00:00.000000000,1.64,P,1970-01-01 00:00:00.000000000,P,1280.0,P
1970-01-01 00:00:00.000000000,1.32,P,1970-01-01 00:00:00.000000000,P,1240.0,P
1970-01-01 00:00:00.000000000,1.56,P,1970-01-01 00:00:00.000000000,P,1210.0,P
1970-01-01 00:00:00.000000000,1.71,P,1970-01-01 00:00:00.000000000,P,1140.0,P
1970-01-01 00:00:00.000000000,0.85,P,1970-01-01 00:00:00.000000000,P,1190.0,P
1970-01-01 00:00:00.000000000,0.98,P,1970-01-01 00:00:00.000000000,P,1090.0,P
1970-01-01 00:00:00.000000000,1.12,P,1970-01-01 00:00:00.000000000,P,1010.0,P
1970-01-01 00:00:00.000000000,1.81,P,1970-01-01 00:00:00.000000000,P,984.0,P
1970-01-01 00:00:00.000000000,1.53,P,1970-01-01 00:00:00.000000000,P,1030.0,P
1970-01-01 00:00:00.000000000,1.36,P,1970-01-01 00:00:00.000000000,P,1060.0,P
1970-01-01 00:00:00.000000000,1.59,P,1970-01-01 00:00:00.000000000,P,924.0,P
1970-01-01 00:00:00.000000000,1.75,P,1970-01-01 00:00:00.000000000,P,1010.0,P
1970-01-01 00:00:00.000000001,2.2,P,1970-01-01 00:00:00.000000001,P,1150.0,P
1970-01-01 00:00:00.000000000,2.19,P,1970-01-01 00:00:00.000000000,P,1760.0,P
1970-01-01 00:00:00.000000000,3.37,P,1970-01-01 00:00:00.000000000,P,5760.0,P
1970-01-01 00:00:00.000000003,6.89,P,1970-01-01 00:00:00.000000003,P,13400.0,P
1970-01-01 00:00:00.000000004,7.17,P,1970-01-01 00:00:00.000000004,P,14100.0,P
1970-01-01 00:00:00.000000002,4.49,P,1970-01-01 00:00:00.000000002,P,8030.0,P
1970-01-01 00:00:00.000000001,2.55,P,1970-01-01 00:00:00.000000001,P,4120.0,P
1970-01-01 00:00:00.000000000,1.73,P,1970-01-01 00:00:00.000000000,P,2860.0,P
1970-01-01 00:00:00.000000001,2.17,P,1970-01-01 00:00:00.000000001,P,2240.0,P
1970-01-01 00:00:00.000000001,2.51,P,1970-01-01 00:00:00.000000001,P,2020.0,P
1970-01-01 00:00:00.000000000,2.14,P,1970-01-01 00:00:00.000000000,P,1790.0,P
1970-01-01 00:00:00.000000000,1.66,P,1970-01-01 00:00:00.000000000,P,1500.0,P
1970-01-01 00:00:00.000000000,1.66,P,1970-01-01 00:00:00.000000000,P,1590.0,P
1970-01-01 00:00:00.000000000,1.79,P,1970-01-01 00:00:00.000000000,P,1770.0,P
1970-01-01 00:00:00.000000000,1.67,P,1970-01-01 00:00:00.000000000,P,1840.0,P
1970-01-01 00:00:00.000000001,1.88,P,1970-01-01 00:00:00.000000001,P,1580.0,P
1970-01-01 00:00:00.000000001,2.32,P,1970-01-01 00:00:00.000000001,P,1610.0,P
1970-01-01 00:00:00.000000000,2.32,P,1970-01-01 00:00:00.000000000,P,1580.0,P
1970-01-01 00:00:00.000000000,1.48,P,1970-01-01 00:00:00.000000000,P,1600.0,P
1970-01-01 00:00:00.000000000,1.07,P,1970-01-01 00:00:00.000000000,P,1410.0,P
1970-01-01 00:00:00.000000000,1.87,P,1970-01-01 00:00:00.000000000,P,1290.0,P
1970-01-01 00:00:00.000000000,1.67,P,1970-01-01 00:00:00.000000000,P,1310.0,P
1970-01-01 00:00:00.000000000,1.31,P,1970-01-01 00:00:00.000000000,P,1160.0,P
1970-01-01 00:00:00.000000000,1.37,P,1970-01-01 00:00:00.000000000,P,1050.0,P
1970-01-01 00:00:00.000000000,2.02,P,1970-01-01 00:00:00.000000000,P,1280.0,P
1970-01-01 00:00:00.000000000,1.99,P,1970-01-01 00:00:00.000000000,P,1470.0,P
1970-01-01 00:00:00.000000000,1.57,P,1970-01-01 00:00:00.000000000,P,1230.0,P
,,,,,1490.0,P
1970-01-01 00:00:00.000000000,1.16,P,1970-01-01 00:00:00.000000000,P,1890.0,P
1970-01-01 00:00:00.000000000,1.07,P,1970-01-01 00:00:00.000000000,P,1450.0,P
1970-01-01 00:00:00.000000000,1.03,P,1970-01-01 00:00:00.000000000,P,998.0,P
1970-01-01 00:00:00.000000000,1.23,P,1970-01-01 00:00:00.000000000,P,1020.0,P
1970-01-01 00:00:00.000000000,0.98,P,1970-01-01 00:00:00.000000000,P,890.0,P
1970-01-01 00:00:00.000000000,1.1,P,1970-01-01 00:00:00.000000000,P,518.0,P
1970-01-01 00:00:00.000000000,1.47,P,1970-01-01 00:00:00.000000000,P,521.0,P
1970-01-01 00:00:00.000000000,1.63,P,1970-01-01 00:00:00.000000000,P,416.0,P
1970-01-01 00:00:00.000000000,2.16,P,1970-01-01 00:00:00.000000000,P,631.0,P
1970-01-01 00:00:00.000000000,1.68,P,1970-01-01 00:00:00.000000000,P,717.0,P
1970-01-01 00:00:00.000000000,1.45,P,1970-01-01 00:00:00.000000000,P,553.0,P
1970-01-01 00:00:00.000000000,1.36,P,1970-01-01 00:00:00.000000000,P,438.0,P
1970-01-01 00:00:00.000000000,1.18,P,1970-01-01 00:00:00.000000000,P,383.0,P
1970-01-01 00:00:00.000000000,1.16,P,1970-01-01 00:00:00.000000000,P,778.0,P
1970-01-01 00:00:00.000000000,1.11,P,1970-01-01 00:00:00.000000000,P,1350.0,P
1970-01-01 00:00:00.000000000,1.06,P,1970-01-01 00:00:00.000000000,P,999.0,P
1970-01-01 00:00:00.000000000,1.32,P,1970-01-01 00:00:00.000000000,P,732.0,P
1970-01-01 00:00:00.000000000,1.58,P,1970-01-01 00:00:00.000000000,P,726.0,P
1970-01-01 00:00:00.000000000,1.69,P,1970-01-01 00:00:00.000000000,P,786.0,P
1970-01-01 00:00:00.000000000,1.83,P,1970-01-01 00:00:00.000000000,P,635.0,P
1970-01-01 00:00:00.000000000,1.65,P,1970-01-01 00:00:00.000000000,P,585.0,P
1970-01-01 00:00:00.000000000,1.6,P,1970-01-01 00:00:00.000000000,P,458.0,P
1970-01-01 00:00:00.000000000,1.84,P,1970-01-01 00:00:00.000000000,P,471.0,P
1970-01-01 00:00:00.000000000,2.26,P,1970-01-01 00:00:00.000000000,P,684.0,P
1970-01-01 00:00:00.000000000,1.77,P,1970-01-01 00:00:00.000000000,P,619.0,P
1970-01-01 00:00:00.000000000,1.89,P,1970-01-01 00:00:00.000000000,P,725.0,P
1970-01-01 00:00:00.000000000,1.91,P,1970-01-01 00:00:00.000000000,P,857.0,P
1970-01-01 00:00:00.000000000,1.56,P,1970-01-01 00:00:00.000000000,P,961.0,P
1970-01-01 00:00:00.000000000,1.48,P,1970-01-01 00:00:00.000000000,P,1290.0,P
1970-01-01 00:00:00.000000000,1.62,P,1970-01-01 00:00:00.000000000,P,1510.0,P
1970-01-01 00:00:00.000000000,1.58,P,1970-01-01 00:00:00.000000000,P,1770.0,P
1970-01-01 00:00:00.000000000,1.77,P,1970-01-01 00:00:00.000000000,P,1740.0,P
1970-01-01 00:00:00.000000000,1.66,P,1970-01-01 00:00:00.000000000,P,1490.0,P
1970-01-01 00:00:00.000000000,1.64,P,1970-01-01 00:00:00.000000000,P,1320.0,P
1970-01-01 00:00:00.000000000,1.89,P,1970-01-01 00:00:00.000000000,P,1250.0,P
1970-01-01 00:00:00.000000000,2.03,P,1970-01-01 00:00:00.000000000,P,1220.0,P
1970-01-01 00:00:00.000000000,1.89,P,1970-01-01 00:00:00.000000000,P,1020.0,P
1970-01-01 00:00:00.000000000,1.86,P,1970-01-01 00:00:00.000000000,P,889.0,P
1970-01-01 00:00:00.000000000,1.69,P,1970-01-01 00:00:00.000000000,P,841.0,P
1970-01-01 00:00:00.000000000,1.26,P,1970-01-01 00:00:00.000000000,P,812.0,P
1970-01-01 00:00:00.000000000,1.18,P,1970-01-01 00:00:00.000000000,P,839.0,P
1970-01-01 00:00:00.000000000,1.29,P,1970-01-01 00:00:00.000000000,P,717.0,P
1970-01-01 00:00:00.000000000,1.07,P,1970-01-01 00:00:00.000000000,P,614.0,P
1970-01-01 00:00:00.000000000,1.19,P,1970-01-01 00:00:00.000000000,P,684.0,P
1970-01-01 00:00:00.000000000,1.14,P,1970-01-01 00:00:00.000000000,P,1350.0,P
1970-01-01 00:00:00.000000000,1.2,P,1970-01-01 00:00:00.000000000,P,1580.0,P
1970-01-01 00:00:00.000000000,1.6,P,1970-01-01 00:00:00.000000000,P,1340.0,P
1970-01-01 00:00:00.000000000,1.58,P,1970-01-01 00:00:00.000000000,P,1170.0,P
1970-01-01 00:00:00.000000000,1.53,P,1970-01-01 00:00:00.000000000,P,879.0,P
1970-01-01 00:00:00.000000000,1.39,P,1970-01-01 00:00:00.000000000,P,811.0,P
1970-01-01 00:00:00.000000000,1.38,P,1970-01-01 00:00:00.000000000,P,1100.0,P
,,,,,1230.0,P
1970-01-01 00:00:00.000000000,1.61,P,1970-01-01 00:00:00.000000000,P,1390.0,P
1970-01-01 00:00:00.000000000,1.83,P,1970-01-01 00:00:00.000000000,P,1420.0,P
1970-01-01 00:00:00.000000001,2.25,P,1970-01-01 00:00:00.000000001,P,1690.0,P
1970-01-01 00:00:00.000000001,2.37,P,1970-01-01 00:00:00.000000001,P,2380.0,P
1970-01-01 00:00:00.000000001,2.99,P,1970-01-01 00:00:00.000000001,P,3700.0,P
1970-01-01 00:00:00.000000001,2.5,P,1970-01-01 00:00:00.000000001,P,4980.0,P
1970-01-01 00:00:00.000000000,1.86,P,1970-01-01 00:00:00.000000000,P,3280.0,P
1970-01-01 00:00:00.000000000,1.81,P,1970-01-01 00:00:00.000000000,P,1890.0,P
1970-01-01 00:00:00.000000000,1.81,P,1970-01-01 00:00:00.000000000,P,1360.0,P
1970-01-01 00:00:00.000000000,1.66,P,1970-01-01 00:00:00.000000000,P,1130.0,P
1970-01-01 00:00:00.000000000,1.58,P,1970-01-01 00:00:00.000000000,P,850.0,P
1970-01-01 00:00:00.000000000,1.5,P,1970-01-01 00:00:00.000000000,P,612.0,P
1970-01-01 00:00:00.000000000,1.63,P,1970-01-01 00:00:00.000000000,P,605.0,P
1970-01-01 00:00:00.000000000,1.63,P,1970-01-01 00:00:00.000000000,P,604.0,P
1970-01-01 00:00:00.000000000,1.56,P,1970-01-01 00:00:00.000000000,P,470.0,P
1970-01-01 00:00:00.000000000,1.37,P,1970-01-01 00:00:00.000000000,P,493.0,P
1970-01-01 00:00:00.000000000,1.24,P,1970-01-01 00:00:00.000000000,P,563.0,P
1970-01-01 00:00:00.000000000,1.23,P,1970-01-01 00:00:00.000000000,P,494.0,P
1970-01-01 00:00:00.000000000,1.5,P,1970-01-01 00:00:00.000000000,P,410.0,P
1970-01-01 00:00:00.000000000,1.24,P,1970-01-01 00:00:00.000000000,P,501.0,P
1970-01-01 00:00:00.000000000,1.1,P,1970-01-01 00:00:00.000000000,P,622.0,P
1970-01-01 00:00:00.000000000,1.34,P,1970-01-01 00:00:00.000000000,P,676.0,P
1970-01-01 00:00:00.000000000,1.58,P,1970-01-01 00:00:00.000000000,P,1300.0,P
1970-01-01 00:00:00.000000000,1.62,P,1970-01-01 00:00:00.000000000,P,1750.0,P
1970-01-01 00:00:00.000000000,1.6,P,1970-01-01 00:00:00.000000000,P,,
